<?xml version="1.0" ?>
<all>
	<js type="list">
		<item type="str">prefix-runtime.fea5c754ab3e056b.bundle.js</item>
		<item type="str">prefix-723.3e6434f80549315a.bundle.js</item>
		<item type="str">prefix-runestone.b37c97cbe7a5455b.bundle.js</item>
	</js>
	<css type="list">
		<item type="str">prefix-723.3bccd435914aa0ff.css</item>
		<item type="str">prefix-runestone.8141ae22fd347e48.css</item>
	</css>
	<cdn-url type="str">https://runestone.academy/cdn/runestone/</cdn-url>
	<version type="str">7.9.10</version>
</all>
