<?xml version="1.0" ?>
<all>
	<js type="list">
		<item type="str">prefix-runtime.f91c1a4dc12163f2.bundle.js</item>
		<item type="str">prefix-723.3e6434f80549315a.bundle.js</item>
		<item type="str">prefix-runestone.fe35e59c546f8d19.bundle.js</item>
	</js>
	<css type="list">
		<item type="str">prefix-723.3bccd435914aa0ff.css</item>
		<item type="str">prefix-runestone.557d81b04b3ec0e4.css</item>
	</css>
	<cdn-url type="str">https://runestone.academy/cdn/runestone/</cdn-url>
	<version type="str">7.10.0</version>
</all>
