{"source/FoundationsOfArithmetic.ptx": ["FoundationsOfArithmetic"], "source/OrderofOperations.ptx": ["OrderofOperations"], "source/ArithmeticwithFractions.ptx": ["ArithmeticwithFractions"], "source/AlgebraicSubstitution.ptx": ["AlgebraicSubstitution"], "source/FoundationOfArithmeticReviewQuestions.ptx": ["FoundationOfArithmeticReviewQuestions"], "source/FoundationsOfAlgebra.ptx": ["FoundationsOfAlgebra"], "source/AlgebraicExpressions.ptx": ["AlgebraicExpressions"], "source/Distribution.ptx": ["Distribution"], "source/AlgebraicExpressionsExponents.ptx": ["AlgebraicExpressionsExponents"], "source/NegativeExponents.ptx": ["NegativeExponents"], "source/CommonFactor.ptx": ["CommonFactor"], "source/SecondDegreeFactor.ptx": ["SecondDegreeFactor"], "source/FoundationsOfAlgebraReview.ptx": ["FoundationsOfAlgebraReview"], "source/SolvingEquations.ptx": ["SolvingEquations"], "source/FirstDegreeEquations.ptx": ["FirstDegreeEquations"], "source/SolveSecondDegree.ptx": ["SolveSecondDegree"], "source/SolveHigherOrderEquations.ptx": ["SolveHigherOrderEquations"], "source/SolvingRationalExponents.ptx": ["SolvingRationalExponents"], "source/SolvingEquationsReviewQuestions.ptx": ["SolvingEquationsReviewQuestions"], "source/FoundationsOfFunctions.ptx": ["FoundationsOfFunctions"], "source/Functions.ptx": ["Functions"], "source/FunctionsandGraphs.ptx": ["FunctionsandGraphs"], "source/SolvingEquationsGraphically.ptx": ["SolvingEquationsGraphically"], "source/FunctionsAndMathematicalModels.ptx": ["FunctionsAndMathematicalModels"], "source/ImplicitFunctions.ptx": ["ImplicitFunctions"], "source/RatesofChange.ptx": ["RatesofChange"], "source/FoundationsOfFunctionsReviewQuestions.ptx": ["FoundationsOfFunctionsReviewQuestions"], "source/LinearFunctions.ptx": ["LinearFunctions"], "source/LinearFunctionsandSlope.ptx": ["LinearFunctionsandSlope"], "source/LinearFunctionsandIntercepts.ptx": ["LinearFunctionsandIntercepts"], "source/FormulaLinearFunctions.ptx": ["FormulaLinearFunctions"], "source/LinearFunctionsGraphs.ptx": ["LinearFunctionsGraphs"], "source/SystemsofLinearEquations.ptx": ["SystemsofLinearEquations"], "source/LinearFunctionsReviewQuestions.ptx": ["LinearFunctionsReviewQuestions"], "source/SeansNotes.ptx": ["sean-notes"], "source/LaplaceDiscontinuousForcing.ptx": ["sec-laplace-discontinuous-forcing"]}